book_name,m_name,date_of_issue,numberofbooks,date_of_return
Simple Chemistry,Anmol,11-12-2020,1,
Easy biology,Gaurav,12-09-2019,2,
Botony MTG,Bhumika,12-05-2021,3,
Somewhere In Cloud,atharva,26-02-2019,1,
India vs China,Avnish,17-05-2020,1,
 China invasion of Tibet,Himanshu,12-11-2018,1,
Misguided Farmers,Kartik,15-08-2019,1,
Economy Crash EU,Manik,13-11-2020,1,
Impertial Government,Aaryan,12-12-2021,1,
Information Technology,harsh,15-04-2020,4,
Information Practices,Vishal,12-04-2020,14,
